x_position,y_position
0.0,0.0
0.0032828599389425708,8.127620231746271e-06
0.006565729938937002,8.127620231746271e-06
0.009848589877879572,1.6255240463492542e-05
0.013131459877878665,1.6255240464081084e-05
0.016349959877877136,1.6255240464081084e-05
0.01963281981681971,2.438286069582735e-05
0.02291568981681414,2.438286069582735e-05
0.026198549755756712,3.251048092757362e-05
0.029481419755755807,3.251048092816216e-05
0.032828659755755524,3.251048092816216e-05
0.03604715975575866,3.251048092816216e-05
0.03933001969469191,4.0638101159885345e-05
0.04261288969469566,4.0638101159885345e-05
0.045831389694694136,4.0638101160462344e-05
0.04917862969469385,4.0638101160462344e-05
0.05239712969469699,4.0638101160462344e-05
0.05574436969469204,4.0638101160462344e-05
0.05896286969469518,4.0638101160462344e-05
0.062310109694694894,4.063810116106242e-05
0.06552860969469336,4.063810116106242e-05
0.06881146963363594,3.2510480929316145e-05
0.07209433963363036,3.2510480929316145e-05
0.07537719957257294,2.438286069756987e-05
0.07866006957257203,2.4382860698158413e-05
0.08194292951150994,1.625524046642368e-05
0.0852257995115137,1.6255240466423676e-05
0.08844429951150751,1.6255240466423672e-05
0.09179153951151188,1.625524046642367e-05
0.09501003951151502,1.6255240466423665e-05
0.09835727951151008,1.6255240466423662e-05
0.10157577951151321,1.625524046642366e-05
0.10492301951150826,1.6255240466423655e-05
0.1081415195115114,1.6255240466423652e-05
0.1114887595115111,1.625524046702373e-05
0.11470725951150958,1.6255240467023727e-05
0.11805449951151395,1.6255240467023724e-05
0.12127299951150776,1.625524046702372e-05
0.12455585945045033,8.127620235277446e-06
0.12783872945044944,8.127620235865987e-06
0.13112158938938734,1.6255240467600716e-05
0.13112158938939178,1.6255240469042275e-05
0.13170846042220902,0.00028070198527042455
0.1323085553702136,0.0006565333015313913
0.13281371728082708,0.0010554833410869149
0.1332769603462344,0.0015024235522494679
0.1337009859023588,0.0019867292591695925
0.13408535263914126,0.0025030740099429567
0.13443570917627254,0.0030430739978053426
0.13475338032744502,0.0036029264155984174
0.1350703427324374,0.004236091448369921
0.13533256163492402,0.004823961278497916
0.13652622368462697,0.007812926511002159
0.1376297257100999,0.010904773647699212
0.13863316231943265,0.014030529621526063
0.1395611519343346,0.017246559921792564
0.1403766248881257,0.020360038059126343
0.1411442992114038,0.02361805766480363
0.14182025991951477,0.026764773313075692
0.14243805743513083,0.029988988204579157
0.14301589657620292,0.03322060349169783
0.14353764661225293,0.0364617471689784
0.1440192360791401,0.03970910101823905
0.14446059118104332,0.04296216743485554
0.1448616442874106,0.04622044793885872
0.14523848630245093,0.04948161728935633
0.14557493096233978,0.0527472015292323
0.14588892207565168,0.05595034870517525
0.14618491782566995,0.059219847436305935
0.14645662206162866,0.062491454418364775
0.1467040197950596,0.06576498917431559
0.14694331226194185,0.06903912639688085
0.14715828032758618,0.07231495059357972
0.14736513755794753,0.0755912969615803
0.1475638826851101,0.07886814541876501
0.147738284392436,0.0821463796204925
0.14790926645844119,0.08536033472022472
0.14807053511165214,0.08870368753425581
0.14822058377833283,0.09198312663790631
0.14836251285902394,0.09526292717649362
0.1485016590165646,0.0984784179006074
0.14863546764132288,0.10175855977083716
0.14876115498997639,0.10503902286730425
0.14887872029213445,0.10831978708263923
0.14899859079629504,0.11166488000807948
0.14910803333134878,0.11494592523306725
0.14921532993434278,0.11816263623796125
0.1493166490314712,0.1214439423616643
0.1494098440696472,0.12472548927154589
0.14950121175413356,0.127942692124375
0.14959623414599915,0.13128858309130909
0.1495962341460007,0.13128858309131347
0.14987579992608552,0.131868404326352
0.15022749230346266,0.13240753525821997
0.15063571357174982,0.13290523505339777
0.1511354442528506,0.13340686476868888
0.15162647760425085,0.133823080983912
0.15214704243221155,0.1342017126649587
0.15269088484668228,0.13454607456502699
0.153309700027002,0.13489021246981073
0.15382995163987667,0.1351450879456855
0.15447835879400676,0.1354295721937018
0.15753744451673224,0.13662088658459187
0.1605752209552584,0.13768420994062966
0.163707049713531,0.13866852902800997
0.16686452026786616,0.13956720312655763
0.17004529098888013,0.14037956576555222
0.1732433716455886,0.14112085892625978
0.17651848928326352,0.1418119595535122
0.17968018391924676,0.14241398054881468
0.1829124665414578,0.14298807504194846
0.18615421256067824,0.14350606942778912
0.18940212221630034,0.1439838960761056
0.1926556978185315,0.14442148176766803
0.1959144408093781,0.14481875944952577
0.19917604459297628,0.14519182270919107
0.20237716053847976,0.1455258870045498
0.2056447395418039,0.14584237222368213
0.20891457902920382,0.1461345796218856
0.21218649862113254,0.14640249307964232
0.21552388519247048,0.14665913775817668
0.21873409330752527,0.14689001891387476
0.22207385776034988,0.1471136011520943
0.22528619485911242,0.14731268056824284
0.22856327138971883,0.14750762889322175
0.23184082052360022,0.147694463343787
0.23505497157175026,0.147861721496641
0.23833381796740158,0.14802420765180016
0.24161305659213536,0.14817857565025888
0.24489266734608744,0.14832482454583049
0.24817263012711746,0.1484629534420922
0.2514529248309087,0.148592961492392
0.25473353135114246,0.1487148478998554
0.25807846348941127,0.14883912423687656
0.26129474439160066,0.14895862071478183
0.2645756426200145,0.14907238473231463
0.2678568124465765,0.14917802566260724
0.2711382337595854,0.14927554285814215
0.274419403586152,0.1493811837884355
0.2777008248991609,0.14947870098396984
0.280982477585374,0.1495680938470216
